split,horizon_bin,event_f1_mean,event_recall_mean,event_precision_mean,mae_all_hard_mean,rmse_all_hard_mean,npos_sum,p_thr,rain_thr_mm
val,1-24,0.50614415316932,0.851733371592548,0.3606840140989709,0.5259350835918429,1.112474504173867,1140571,0.30000001192092896,0.1
val,25-48,0.4826398856905599,0.8252643650917383,0.34145592519107915,0.549872595412421,1.1381069512428659,1142579,0.30000001192092896,0.1
val,49-72,0.47276482043008433,0.7989391869624759,0.3361313299046976,0.5628324177275444,1.14396186329481,1141677,0.30000001192092896,0.1
val,73-100,0.4704427562275658,0.7797141050167439,0.337347408775669,0.497386427307372,1.097286461903634,1331719,0.30000001192092896,0.1
test,1-24,0.5222680264781964,0.8654697508579209,0.3745816647053099,0.5834956236409247,1.2049182151745506,1131004,0.30000001192092896,0.1
test,25-48,0.5040053357406,0.8441052759863766,0.35967560413679783,0.6010873967883373,1.2247059780424083,1130529,0.30000001192092896,0.1
test,49-72,0.4979681006568459,0.8216222298623359,0.3576920831200323,0.6100306939022647,1.227535992878895,1128987,0.30000001192092896,0.1
test,73-100,0.49734060068669056,0.8034920026841333,0.3606728356439878,0.5419308991735311,1.185677356724177,1316929,0.30000001192092896,0.1
