split,horizon_bin,event_f1_mean,event_recall_mean,event_precision_mean,mae_all_hard_mean,rmse_all_hard_mean,npos_sum,p_thr,rain_thr_mm
val,1-24,0.5691691375073701,0.7505708188436327,0.4601552540859651,0.43544487200342763,1.06461278413117,1140571,0.4000000059604645,0.1
val,25-48,0.5045055891115222,0.6989191767270064,0.39548144914584865,0.45739379453835927,1.080563573893888,1142579,0.4000000059604645,0.1
val,49-72,0.4859710136844438,0.7036947981727654,0.371976667003412,0.44363734663412835,1.0699571754331316,1141677,0.4000000059604645,0.1
val,73-100,0.4765319022081855,0.7023097972625224,0.3614507671868349,0.4501501613176088,1.0691254557722412,1331719,0.4000000059604645,0.1
test,1-24,0.5960000948421326,0.7770580485321025,0.48511100414160424,0.4869923189794981,1.1523780107489918,1131004,0.4000000059604645,0.1
test,25-48,0.5336924043392801,0.7254664095074208,0.4229191637008898,0.5037519947566031,1.1705896556214805,1130529,0.4000000059604645,0.1
test,49-72,0.5145577396611006,0.7296014334067342,0.39831782245096853,0.4885744185777578,1.163893159228074,1128987,0.4000000059604645,0.1
test,73-100,0.5066585582227566,0.7316719006527209,0.388397966927983,0.4947160611077365,1.1619637611008282,1316929,0.4000000059604645,0.1
